ID,num,Date,Address
1572,99248,1618793311,355-6487 Sed St.
8239,63886,1639957821,193-2889 Dis Rd.
2424,78714,1627472605,Ap #771-550 Ornare Avenue
2645,98313,1631805640,"P.O. Box 120, 1554 Maecenas Avenue"
4104,64222,1591766292,Ap #429-3275 Tincidunt Ave
4958,07620,1645693631,150-6465 Mattis St.
1978,20617,1587213829,346-4493 Vestibulum Ave
173,18564,1628169079,
2405,03165,1638661690,"288-399 Vel, Av."
4141,13021,1607472343,831-4189 Nunc Av.
7946,28308,1647566662,4692 Augue. Rd.
9464,03154,1611525228,"P.O. Box 255, 3515 Facilisis Av."
326,93867,1592820281,"625-9311 Amet, Road"
6752,17836,1589409109,993 Cras Rd.
6845,58682,1618138077,"P.O. Box 792, 6714 A, Ave"
1908,82135,1608086571,Ap #584-2931 Fringilla Rd.
2155,69331,1594466010,136-5382 Neque St.
9575,56167,1602536473,480-4954 Adipiscing Av.
6979,37391,1634645349,1586 Enim. Rd.
5492,74824,1616722986,5593 Sit Ave
2,34082,1623186771,"P.O. Box 375, 9875 Cursus. Rd."
3167,09150,1626915741,"391-3179 Lorem, Avenue"
1891,91996,1633079347,"7377 Nec, Ave"
6258,41878,1617268742,"P.O. Box 986, 5071 Risus Ave"
3192,97095,1612060654,Ap #780-2837 Nulla St.
5139,75970,1606364417,"P.O. Box 403, 5961 Suspendisse Avenue"
5777,85562,1596241840,"P.O. Box 560, 8582 Orci, Street"
7354,13043,1622171081,Ap #779-7025 Ac St.
5628,08286,1633336179,"1295 Nec, St."
3758,39768,1626125037,"Ap #828-3202 Ut, Rd."
7095,21178,1593383002,670-1520 Nunc. Avenue
3399,38217,1593581350,2547 Consequat Street
7983,43129,1607306396,"P.O. Box 945, 6545 Tortor. Av."
8731,06954,1643658729,8270 Porttitor Rd.
2824,32455,1640573536,Ap #314-2309 Integer St.
7931,50265,1624488285,"P.O. Box 549, 6721 Interdum Avenue"
5868,46058,1645294717,"P.O. Box 147, 1739 Ut Rd."
854,34532,1585860566,Ap #578-5821 Ipsum Rd.
6977,62141,1594537759,Ap #114-5603 Volutpat. Road
2587,84031,1616509924,"P.O. Box 997, 614 Risus Rd."
9619,24851,1643991695,605-6334 Eros. Rd.
3878,40608,1631161571,Ap #745-6445 Ligula Av.
8889,94792,1593727695,912-4929 Libero. Rd.
5474,18401,1589510578,5473 Sed Avenue
2329,53495,1634031129,"430-6340 Tortor, St."
4054,46362,1630473102,"P.O. Box 642, 4402 Orci, Av."
1562,97483,1631852492,415-683 Quisque Av.
4184,72862,1603577153,Ap #332-5340 Dui Av.
4448,80617,1587016028,"Ap #919-1337 Vulputate, St."
9187,39285,1620050662,"P.O. Box 272, 7092 Sagittis Rd."
348,85297,1617356648,1365 Sem St.
2888,94153,1611163030,"P.O. Box 959, 7182 Nunc Av."
7872,54952,1627325821,396-9986 Nec St.
5633,85699,1629851905,Ap #946-3637 Nonummy. Road
3450,41993,1595747890,662-6036 Augue Rd.
2313,74745,1599063732,"P.O. Box 796, 3207 Ut St."
7346,05772,1616817446,"P.O. Box 248, 1855 Lacinia Ave"
3515,18388,1600226886,"Ap #479-601 Sem, Avenue"
3390,35058,1598075931,781-4980 Ultricies St.
3283,93644,1644414916,802-6355 Feugiat. Road
3391,67139,1586830715,"Ap #891-7218 Amet, St."
7160,63540,1647255902,9547 Non Ave
3911,56983,1633947743,Ap #993-4784 Magnis St.
9548,29923,1618442866,"P.O. Box 524, 7892 Amet St."
6457,07649,1593658345,559-328 In Rd.
1251,06344,1635178245,849-7206 Bibendum Ave
1786,68010,1629021995,"P.O. Box 781, 116 Egestas Ave"
406,23373,1624747642,4531 Vitae Road
3582,70403,1608232676,Ap #495-1291 Nec St.
6088,59473,1603113756,"6213 Pede, Street"
9228,48068,1595224786,"P.O. Box 437, 9162 Pede. Rd."
2951,89408,1611201216,Ap #880-6636 Suspendisse St.
3828,23429,1639911658,4486 Aliquam St.
737,47526,1611387748,781-3210 Quis St.
2062,79099,1591935235,951-827 Tincidunt Rd.
9845,32318,1620891865,"P.O. Box 670, 8037 Aenean Rd."
8250,27937,1632834422,Ap #917-1725 Ante St.
11,89195,1631762019,144-4474 Lacus. Rd.
8796,03139,1615287707,839-124 Dui. Rd.
3954,24649,1598601470,9329 Elit Avenue
3381,66288,1603497500,Ap #308-6050 Ligula Street
8821,51025,1587722958,Ap #699-4131 A St.
565,35548,1600551966,961-6223 Mus. Ave
5491,82088,1630002474,201-2308 Donec Street
7445,45338,1599794096,Ap #262-5618 Nam Rd.
4452,88085,1611650027,Ap #597-8746 Nunc Avenue
2552,25754,1594752968,"P.O. Box 729, 6506 Vitae Avenue"
5298,46706,1645867855,111-769 Vivamus St.
1610,97255,1624752945,652-4224 Commodo Street
3329,28196,1585674994,8843 Diam Av.
9737,12985,1600919293,8223 Sollicitudin Rd.
3898,39536,1600258853,3733 Metus Street
5428,11670,1615928916,317 Vitae St.
5815,22962,1601071442,Ap #316-3682 Velit. Rd.
3038,57347,1610583800,9271 Nisi. Road
4589,10969,1644447833,"P.O. Box 958, 817 Accumsan St."
8411,75407,1626905416,"P.O. Box 527, 8439 Eu Road"
1271,86758,1588539733,2974 Diam. St.
4934,55651,1608383050,"P.O. Box 680, 5979 Dictum Av."
2448,27504,1608496128,Ap #399-7483 Elit. Av.